{
  "overall": {
    "count": 78,
    "cer_avg": 0.11514942093917617,
    "wer_avg": 0.20812638197950376,
    "area_ratio_gt_avg": 0.46929365132965895,
    "area_ratio_pred_avg": 0.44509666797827213,
    "area_ratio_diff_avg": -0.024196983351386783,
    "aspect_ratio_gt_avg": 0.807105509833711,
    "aspect_ratio_pred_avg": 0.8174462196283476,
    "aspect_ratio_diff_avg": 0.010340709794636761,
    "corner_rmse_avg": 128.28976845224807,
    "polygon_iou_avg": 0.9320206883771767
  },
  "by_dataset": {
    "ocr_test": {
      "count": 7,
      "cer_avg": 0.053353754999134764,
      "wer_avg": 0.14055901983239008,
      "area_ratio_gt_avg": null,
      "area_ratio_pred_avg": null,
      "area_ratio_diff_avg": null,
      "aspect_ratio_gt_avg": null,
      "aspect_ratio_pred_avg": null,
      "aspect_ratio_diff_avg": null,
      "corner_rmse_avg": null,
      "polygon_iou_avg": null
    },
    "ocr_test_bin": {
      "count": 7,
      "cer_avg": 0.17694508687921764,
      "wer_avg": 0.27569374412661746,
      "area_ratio_gt_avg": null,
      "area_ratio_pred_avg": null,
      "area_ratio_diff_avg": null,
      "aspect_ratio_gt_avg": null,
      "aspect_ratio_pred_avg": null,
      "aspect_ratio_diff_avg": null,
      "corner_rmse_avg": null,
      "polygon_iou_avg": null
    },
    "scanner_test": {
      "count": 64,
      "cer_avg": null,
      "wer_avg": null,
      "area_ratio_gt_avg": 0.46929365132965895,
      "area_ratio_pred_avg": 0.44509666797827213,
      "area_ratio_diff_avg": -0.024196983351386783,
      "aspect_ratio_gt_avg": 0.807105509833711,
      "aspect_ratio_pred_avg": 0.8174462196283476,
      "aspect_ratio_diff_avg": 0.010340709794636761,
      "corner_rmse_avg": 128.28976845224807,
      "polygon_iou_avg": 0.9320206883771767
    }
  },
  "comparison_ocr_vs_bin": {
    "cer_diff": 0.12359133188008288,
    "wer_diff": 0.13513472429422738
  }
}