cer,dataset,stem,wer
0.07051070840197693,ocr_test,ocr_test_1,0.14031620553359683
0.07268651937239834,ocr_test,ocr_test_2,0.16666666666666666
0.03667697746354397,ocr_test,ocr_test_3,0.16346153846153846
0.050933786078098474,ocr_test,ocr_test_4,0.16071428571428573
0.022434718646561234,ocr_test,ocr_test_5,0.07296137339055794
0.034020894722743104,ocr_test,ocr_test_6,0.1012216404886562
0.08621268030862127,ocr_test,ocr_test_7,0.17857142857142858
