{
  "overall": {
    "count": 64,
    "cer_avg": null,
    "wer_avg": null,
    "area_ratio_gt_avg": 0.46929365132965895,
    "area_ratio_pred_avg": 0.44509666797827213,
    "area_ratio_diff_avg": -0.024196983351386783,
    "aspect_ratio_gt_avg": 0.807105509833711,
    "aspect_ratio_pred_avg": 0.8174462196283476,
    "aspect_ratio_diff_avg": 0.010340709794636761,
    "corner_rmse_avg": 128.28976845224807,
    "polygon_iou_avg": 0.9320206883771767
  },
  "by_dataset": {
    "scanner_test": {
      "count": 64,
      "cer_avg": null,
      "wer_avg": null,
      "area_ratio_gt_avg": 0.46929365132965895,
      "area_ratio_pred_avg": 0.44509666797827213,
      "area_ratio_diff_avg": -0.024196983351386783,
      "aspect_ratio_gt_avg": 0.807105509833711,
      "aspect_ratio_pred_avg": 0.8174462196283476,
      "aspect_ratio_diff_avg": 0.010340709794636761,
      "corner_rmse_avg": 128.28976845224807,
      "polygon_iou_avg": 0.9320206883771767
    }
  }
}