cer,dataset,stem,wer
0.049093904448105435,ocr_test_bin,ocr_test_1,0.12845849802371542
0.654178674351585,ocr_test_bin,ocr_test_2,0.8160919540229885
0.10826336721166593,ocr_test_bin,ocr_test_3,0.23717948717948717
0.04923599320882852,ocr_test_bin,ocr_test_4,0.12755102040816327
0.029054799558661273,ocr_test_bin,ocr_test_5,0.11587982832618025
0.04821859094562014,ocr_test_bin,ocr_test_6,0.13961605584642234
0.300570278430057,ocr_test_bin,ocr_test_7,0.36507936507936506
